Sexo;Divisiones de la CNAE-09;Componentes del salario bruto anual;Periodo;Total
Ambos sexos;B_S Todas las divisiones;Salario bruto;2022;26.948,87
Ambos sexos;B_S Todas las divisiones;Pagos extraordinarios;2022;2.609,3
Ambos sexos;B_S Todas las divisiones;Valoración en especie;2022;147,64
Ambos sexos;B_S Todas las divisiones;Salario ordinario;2022;24.191,93
Ambos sexos;B Industrias extractivas;Salario bruto;2022;36.308,58
Ambos sexos;B Industrias extractivas;Pagos extraordinarios;2022;3.598,4
Ambos sexos;B Industrias extractivas;Valoración en especie;2022;131,12
Ambos sexos;B Industrias extractivas;Salario ordinario;2022;32.579,06
Ambos sexos;10 Industria de la alimentación;Salario bruto;2022;24.001,63
Ambos sexos;10 Industria de la alimentación;Pagos extraordinarios;2022;2.120,04
Ambos sexos;10 Industria de la alimentación;Valoración en especie;2022;88,49
Ambos sexos;10 Industria de la alimentación;Salario ordinario;2022;21.793,1
Ambos sexos;11 Fabricación de bebidas;Salario bruto;2022;34.075,92
Ambos sexos;11 Fabricación de bebidas;Pagos extraordinarios;2022;4.186,8
Ambos sexos;11 Fabricación de bebidas;Valoración en especie;2022;303,56
Ambos sexos;11 Fabricación de bebidas;Salario ordinario;2022;29.585,56
Ambos sexos;12 Industria del tabaco;Salario bruto;2022;-47.461,58
Ambos sexos;12 Industria del tabaco;Pagos extraordinarios;2022;-6.760,38
Ambos sexos;12 Industria del tabaco;Valoración en especie;2022;-991,14
Ambos sexos;12 Industria del tabaco;Salario ordinario;2022;-39.710,06
Ambos sexos;13 Industria textil;Salario bruto;2022;23.191,77
Ambos sexos;13 Industria textil;Pagos extraordinarios;2022;2.100,02
Ambos sexos;13 Industria textil;Valoración en especie;2022;54,97
Ambos sexos;13 Industria textil;Salario ordinario;2022;21.036,78
Ambos sexos;14 Confección de prendas de vestir;Salario bruto;2022;22.710,84
Ambos sexos;14 Confección de prendas de vestir;Pagos extraordinarios;2022;2.855,19
Ambos sexos;14 Confección de prendas de vestir;Valoración en especie;2022;72,46
Ambos sexos;14 Confección de prendas de vestir;Salario ordinario;2022;19.783,19
Ambos sexos;15 Industria del cuero y del calzado;Salario bruto;2022;19.373,71
Ambos sexos;15 Industria del cuero y del calzado;Pagos extraordinarios;2022;1.323,56
Ambos sexos;15 Industria del cuero y del calzado;Valoración en especie;2022;70,63
Ambos sexos;15 Industria del cuero y del calzado;Salario ordinario;2022;17.979,52
Ambos sexos;16 Industria de la madera y del corcho, excepto muebles, cestería y espartería;Salario bruto;2022;22.627,53
Ambos sexos;16 Industria de la madera y del corcho, excepto muebles, cestería y espartería;Pagos extraordinarios;2022;2.144,05
Ambos sexos;16 Industria de la madera y del corcho, excepto muebles, cestería y espartería;Valoración en especie;2022;79,94
Ambos sexos;16 Industria de la madera y del corcho, excepto muebles, cestería y espartería;Salario ordinario;2022;20.403,54
Ambos sexos;17 Industria del papel;Salario bruto;2022;30.975,33
Ambos sexos;17 Industria del papel;Pagos extraordinarios;2022;3.515,37
Ambos sexos;17 Industria del papel;Valoración en especie;2022;197,53
Ambos sexos;17 Industria del papel;Salario ordinario;2022;27.262,43
Ambos sexos;18 Artes gráficas y reproducción de soportes grabados;Salario bruto;2022;24.512,87
Ambos sexos;18 Artes gráficas y reproducción de soportes grabados;Pagos extraordinarios;2022;2.314,53
Ambos sexos;18 Artes gráficas y reproducción de soportes grabados;Valoración en especie;2022;117,29
Ambos sexos;18 Artes gráficas y reproducción de soportes grabados;Salario ordinario;2022;22.081,05
Ambos sexos;19 Coquerías y refino de petróleo;Salario bruto;2022;-65.598,74
Ambos sexos;19 Coquerías y refino de petróleo;Pagos extraordinarios;2022;-12.730,02
Ambos sexos;19 Coquerías y refino de petróleo;Valoración en especie;2022;-291,17
Ambos sexos;19 Coquerías y refino de petróleo;Salario ordinario;2022;-52.577,55
Ambos sexos;20 Industria química;Salario bruto;2022;38.026,36
Ambos sexos;20 Industria química;Pagos extraordinarios;2022;4.937,22
Ambos sexos;20 Industria química;Valoración en especie;2022;262,87
Ambos sexos;20 Industria química;Salario ordinario;2022;32.826,27
Ambos sexos;21 Fabricación de productos farmacéuticos;Salario bruto;2022;42.744,7
Ambos sexos;21 Fabricación de productos farmacéuticos;Pagos extraordinarios;2022;7.402,81
Ambos sexos;21 Fabricación de productos farmacéuticos;Valoración en especie;2022;584,82
Ambos sexos;21 Fabricación de productos farmacéuticos;Salario ordinario;2022;34.757,07
Ambos sexos;22 Fabricación de productos de caucho y plásticos;Salario bruto;2022;29.443,22
Ambos sexos;22 Fabricación de productos de caucho y plásticos;Pagos extraordinarios;2022;3.321,13
Ambos sexos;22 Fabricación de productos de caucho y plásticos;Valoración en especie;2022;89,46
Ambos sexos;22 Fabricación de productos de caucho y plásticos;Salario ordinario;2022;26.032,63
Ambos sexos;23 Fabricación de otros productos minerales no metálicos;Salario bruto;2022;31.600,44
Ambos sexos;23 Fabricación de otros productos minerales no metálicos;Pagos extraordinarios;2022;4.447,85
Ambos sexos;23 Fabricación de otros productos minerales no metálicos;Valoración en especie;2022;244,61
Ambos sexos;23 Fabricación de otros productos minerales no metálicos;Salario ordinario;2022;26.907,98
Ambos sexos;24 Metalurgia, fabricación de productos de hierro, acero y ferroaleaciones;Salario bruto;2022;36.554,69
Ambos sexos;24 Metalurgia, fabricación de productos de hierro, acero y ferroaleaciones;Pagos extraordinarios;2022;5.569,1
Ambos sexos;24 Metalurgia, fabricación de productos de hierro, acero y ferroaleaciones;Valoración en especie;2022;186,16
Ambos sexos;24 Metalurgia, fabricación de productos de hierro, acero y ferroaleaciones;Salario ordinario;2022;30.799,43
Ambos sexos;25 Fabricación de productos metálicos, excepto maquinaria y equipo;Salario bruto;2022;26.959,66
Ambos sexos;25 Fabricación de productos metálicos, excepto maquinaria y equipo;Pagos extraordinarios;2022;2.392,58
Ambos sexos;25 Fabricación de productos metálicos, excepto maquinaria y equipo;Valoración en especie;2022;81,73
Ambos sexos;25 Fabricación de productos metálicos, excepto maquinaria y equipo;Salario ordinario;2022;24.485,35
Ambos sexos;26 Fabricación de productos informáticos, electrónicos y ópticos;Salario bruto;2022;34.344,46
Ambos sexos;26 Fabricación de productos informáticos, electrónicos y ópticos;Pagos extraordinarios;2022;3.665,73
Ambos sexos;26 Fabricación de productos informáticos, electrónicos y ópticos;Valoración en especie;2022;197,94
Ambos sexos;26 Fabricación de productos informáticos, electrónicos y ópticos;Salario ordinario;2022;30.480,79
Ambos sexos;27 Fabricación de material y equipo eléctrico;Salario bruto;2022;34.397,39
Ambos sexos;27 Fabricación de material y equipo eléctrico;Pagos extraordinarios;2022;4.219,36
Ambos sexos;27 Fabricación de material y equipo eléctrico;Valoración en especie;2022;220,83
Ambos sexos;27 Fabricación de material y equipo eléctrico;Salario ordinario;2022;29.957,2
Ambos sexos;28 Fabricación de maquinaria y equipo n.c.o.p.;Salario bruto;2022;33.992,35
Ambos sexos;28 Fabricación de maquinaria y equipo n.c.o.p.;Pagos extraordinarios;2022;3.981,57
Ambos sexos;28 Fabricación de maquinaria y equipo n.c.o.p.;Valoración en especie;2022;99,75
Ambos sexos;28 Fabricación de maquinaria y equipo n.c.o.p.;Salario ordinario;2022;29.911,03
Ambos sexos;29 Fabricación de vehículos de motor, remolques y semirremolques;Salario bruto;2022;36.294,4
Ambos sexos;29 Fabricación de vehículos de motor, remolques y semirremolques;Pagos extraordinarios;2022;5.236,86
Ambos sexos;29 Fabricación de vehículos de motor, remolques y semirremolques;Valoración en especie;2022;185,59
Ambos sexos;29 Fabricación de vehículos de motor, remolques y semirremolques;Salario ordinario;2022;30.871,95
Ambos sexos;30 Fabricación de otro material de transporte;Salario bruto;2022;46.820,55
Ambos sexos;30 Fabricación de otro material de transporte;Pagos extraordinarios;2022;6.899,55
Ambos sexos;30 Fabricación de otro material de transporte;Valoración en especie;2022;229,79
Ambos sexos;30 Fabricación de otro material de transporte;Salario ordinario;2022;39.691,21
Ambos sexos;31 Fabricación de muebles;Salario bruto;2022;22.195,57
Ambos sexos;31 Fabricación de muebles;Pagos extraordinarios;2022;1.807,34
Ambos sexos;31 Fabricación de muebles;Valoración en especie;2022;48,48
Ambos sexos;31 Fabricación de muebles;Salario ordinario;2022;20.339,75
Ambos sexos;32 Otras industrias manufactureras;Salario bruto;2022;24.224,4
Ambos sexos;32 Otras industrias manufactureras;Pagos extraordinarios;2022;2.035,75
Ambos sexos;32 Otras industrias manufactureras;Valoración en especie;2022;114,03
Ambos sexos;32 Otras industrias manufactureras;Salario ordinario;2022;22.074,62
Ambos sexos;33 Reparación e instalación de maquinaria y equipo;Salario bruto;2022;28.777,49
Ambos sexos;33 Reparación e instalación de maquinaria y equipo;Pagos extraordinarios;2022;2.474,53
Ambos sexos;33 Reparación e instalación de maquinaria y equipo;Valoración en especie;2022;83,12
Ambos sexos;33 Reparación e instalación de maquinaria y equipo;Salario ordinario;2022;26.219,84
Ambos sexos;35 Suministro de energía eléctrica, gas, vapor y aire acondicionado;Salario bruto;2022;55.470,69
Ambos sexos;35 Suministro de energía eléctrica, gas, vapor y aire acondicionado;Pagos extraordinarios;2022;5.274,16
Ambos sexos;35 Suministro de energía eléctrica, gas, vapor y aire acondicionado;Valoración en especie;2022;1.252,36
Ambos sexos;35 Suministro de energía eléctrica, gas, vapor y aire acondicionado;Salario ordinario;2022;48.944,17
Ambos sexos;36 Captación, depuración y distribución de agua;Salario bruto;2022;35.112,92
Ambos sexos;36 Captación, depuración y distribución de agua;Pagos extraordinarios;2022;5.635,64
Ambos sexos;36 Captación, depuración y distribución de agua;Valoración en especie;2022;161,05
Ambos sexos;36 Captación, depuración y distribución de agua;Salario ordinario;2022;29.316,23
Ambos sexos;37 Recogida y tratamiento de aguas residuales;Salario bruto;2022;28.931,64
Ambos sexos;37 Recogida y tratamiento de aguas residuales;Pagos extraordinarios;2022;3.866,76
Ambos sexos;37 Recogida y tratamiento de aguas residuales;Valoración en especie;2022;123,03
Ambos sexos;37 Recogida y tratamiento de aguas residuales;Salario ordinario;2022;24.941,85
Ambos sexos;38 Recogida, tratamiento y eliminación de residuos, valorización;Salario bruto;2022;28.567,38
Ambos sexos;38 Recogida, tratamiento y eliminación de residuos, valorización;Pagos extraordinarios;2022;3.762,31
Ambos sexos;38 Recogida, tratamiento y eliminación de residuos, valorización;Valoración en especie;2022;45,75
Ambos sexos;38 Recogida, tratamiento y eliminación de residuos, valorización;Salario ordinario;2022;24.759,32
Ambos sexos;39 Actividades de descontaminación y otros servicios de gestión de residuos;Salario bruto;2022;-24.160,09
Ambos sexos;39 Actividades de descontaminación y otros servicios de gestión de residuos;Pagos extraordinarios;2022;-2.789,87
Ambos sexos;39 Actividades de descontaminación y otros servicios de gestión de residuos;Valoración en especie;2022;-136,64
Ambos sexos;39 Actividades de descontaminación y otros servicios de gestión de residuos;Salario ordinario;2022;-21.233,58
Ambos sexos;41 Construcción de edificios;Salario bruto;2022;25.418,13
Ambos sexos;41 Construcción de edificios;Pagos extraordinarios;2022;2.769,47
Ambos sexos;41 Construcción de edificios;Valoración en especie;2022;54,42
Ambos sexos;41 Construcción de edificios;Salario ordinario;2022;22.594,24
Ambos sexos;42 Ingeniería civil;Salario bruto;2022;30.626,69
Ambos sexos;42 Ingeniería civil;Pagos extraordinarios;2022;3.372,54
Ambos sexos;42 Ingeniería civil;Valoración en especie;2022;103,37
Ambos sexos;42 Ingeniería civil;Salario ordinario;2022;27.150,78
Ambos sexos;43 Actividades de construcción especializada;Salario bruto;2022;24.419,1
Ambos sexos;43 Actividades de construcción especializada;Pagos extraordinarios;2022;2.165,81
Ambos sexos;43 Actividades de construcción especializada;Valoración en especie;2022;83,37
Ambos sexos;43 Actividades de construcción especializada;Salario ordinario;2022;22.169,92
Ambos sexos;45 Venta y reparación de vehículos de motor y motocicletas;Salario bruto;2022;24.693,81
Ambos sexos;45 Venta y reparación de vehículos de motor y motocicletas;Pagos extraordinarios;2022;2.822,52
Ambos sexos;45 Venta y reparación de vehículos de motor y motocicletas;Valoración en especie;2022;110,51
Ambos sexos;45 Venta y reparación de vehículos de motor y motocicletas;Salario ordinario;2022;21.760,78
Ambos sexos;46 Comercio al por mayor e intermediarios del comercio, excepto de vehículos de motor y motocicletas;Salario bruto;2022;28.560,47
Ambos sexos;46 Comercio al por mayor e intermediarios del comercio, excepto de vehículos de motor y motocicletas;Pagos extraordinarios;2022;3.176,42
Ambos sexos;46 Comercio al por mayor e intermediarios del comercio, excepto de vehículos de motor y motocicletas;Valoración en especie;2022;371,62
Ambos sexos;46 Comercio al por mayor e intermediarios del comercio, excepto de vehículos de motor y motocicletas;Salario ordinario;2022;25.012,43
Ambos sexos;47 Comercio al por menor, excepto de vehículos de motor y motocicletas;Salario bruto;2022;19.729,2
Ambos sexos;47 Comercio al por menor, excepto de vehículos de motor y motocicletas;Pagos extraordinarios;2022;1.906
Ambos sexos;47 Comercio al por menor, excepto de vehículos de motor y motocicletas;Valoración en especie;2022;122,13
Ambos sexos;47 Comercio al por menor, excepto de vehículos de motor y motocicletas;Salario ordinario;2022;17.701,07
Ambos sexos;49 Transporte terrestre y por tubería;Salario bruto;2022;25.422,7
Ambos sexos;49 Transporte terrestre y por tubería;Pagos extraordinarios;2022;2.486,88
Ambos sexos;49 Transporte terrestre y por tubería;Valoración en especie;2022;178,19
Ambos sexos;49 Transporte terrestre y por tubería;Salario ordinario;2022;22.757,63
Ambos sexos;50 Transporte marítimo y por vías navegables interiores;Salario bruto;2022;31.483,52
Ambos sexos;50 Transporte marítimo y por vías navegables interiores;Pagos extraordinarios;2022;3.383,89
Ambos sexos;50 Transporte marítimo y por vías navegables interiores;Valoración en especie;2022;169,3
Ambos sexos;50 Transporte marítimo y por vías navegables interiores;Salario ordinario;2022;27.930,33
Ambos sexos;51 Transporte aéreo;Salario bruto;2022;40.098,11
Ambos sexos;51 Transporte aéreo;Pagos extraordinarios;2022;2.672,16
Ambos sexos;51 Transporte aéreo;Valoración en especie;2022;615,56
Ambos sexos;51 Transporte aéreo;Salario ordinario;2022;36.810,39
Ambos sexos;52 Almacenamiento y actividades anexas al transporte;Salario bruto;2022;30.923,57
Ambos sexos;52 Almacenamiento y actividades anexas al transporte;Pagos extraordinarios;2022;3.418,8
Ambos sexos;52 Almacenamiento y actividades anexas al transporte;Valoración en especie;2022;243,36
Ambos sexos;52 Almacenamiento y actividades anexas al transporte;Salario ordinario;2022;27.261,41
Ambos sexos;53 Actividades postales y de correos;Salario bruto;2022;21.695,85
Ambos sexos;53 Actividades postales y de correos;Pagos extraordinarios;2022;2.044,17
Ambos sexos;53 Actividades postales y de correos;Valoración en especie;2022;30,91
Ambos sexos;53 Actividades postales y de correos;Salario ordinario;2022;19.620,77
Ambos sexos;55 Servicios de alojamiento;Salario bruto;2022;22.322,99
Ambos sexos;55 Servicios de alojamiento;Pagos extraordinarios;2022;1.684,2
Ambos sexos;55 Servicios de alojamiento;Valoración en especie;2022;141,33
Ambos sexos;55 Servicios de alojamiento;Salario ordinario;2022;20.497,46
Ambos sexos;56 Servicios de comidas y bebidas;Salario bruto;2022;14.365,07
Ambos sexos;56 Servicios de comidas y bebidas;Pagos extraordinarios;2022;667,99
Ambos sexos;56 Servicios de comidas y bebidas;Valoración en especie;2022;96,35
Ambos sexos;56 Servicios de comidas y bebidas;Salario ordinario;2022;13.600,73
Ambos sexos;58 Edición;Salario bruto;2022;34.925,68
Ambos sexos;58 Edición;Pagos extraordinarios;2022;3.834,03
Ambos sexos;58 Edición;Valoración en especie;2022;416,65
Ambos sexos;58 Edición;Salario ordinario;2022;30.675
Ambos sexos;59 Actividades cinematográficas, de vídeo y de programas de televisión, grabación de sonido y edición musical;Salario bruto;2022;31.748,38
Ambos sexos;59 Actividades cinematográficas, de vídeo y de programas de televisión, grabación de sonido y edición musical;Pagos extraordinarios;2022;2.599,56
Ambos sexos;59 Actividades cinematográficas, de vídeo y de programas de televisión, grabación de sonido y edición musical;Valoración en especie;2022;175,88
Ambos sexos;59 Actividades cinematográficas, de vídeo y de programas de televisión, grabación de sonido y edición musical;Salario ordinario;2022;28.972,94
Ambos sexos;60 Actividades de programación y emisión de radio y televisión;Salario bruto;2022;45.753,51
Ambos sexos;60 Actividades de programación y emisión de radio y televisión;Pagos extraordinarios;2022;6.044,83
Ambos sexos;60 Actividades de programación y emisión de radio y televisión;Valoración en especie;2022;308,42
Ambos sexos;60 Actividades de programación y emisión de radio y televisión;Salario ordinario;2022;39.400,26
Ambos sexos;61 Telecomunicaciones;Salario bruto;2022;42.886,02
Ambos sexos;61 Telecomunicaciones;Pagos extraordinarios;2022;7.058,03
Ambos sexos;61 Telecomunicaciones;Valoración en especie;2022;794,07
Ambos sexos;61 Telecomunicaciones;Salario ordinario;2022;35.033,92
Ambos sexos;62 Programación, consultoría y otras actividades relacionadas con la informática;Salario bruto;2022;37.107,11
Ambos sexos;62 Programación, consultoría y otras actividades relacionadas con la informática;Pagos extraordinarios;2022;3.013,36
Ambos sexos;62 Programación, consultoría y otras actividades relacionadas con la informática;Valoración en especie;2022;461,38
Ambos sexos;62 Programación, consultoría y otras actividades relacionadas con la informática;Salario ordinario;2022;33.632,37
Ambos sexos;63 Servicios de información;Salario bruto;2022;32.663,03
Ambos sexos;63 Servicios de información;Pagos extraordinarios;2022;3.249,73
Ambos sexos;63 Servicios de información;Valoración en especie;2022;280,75
Ambos sexos;63 Servicios de información;Salario ordinario;2022;29.132,55
Ambos sexos;64 Servicios financieros, excepto seguros y fondos de pensiones;Salario bruto;2022;54.514,34
Ambos sexos;64 Servicios financieros, excepto seguros y fondos de pensiones;Pagos extraordinarios;2022;10.049,86
Ambos sexos;64 Servicios financieros, excepto seguros y fondos de pensiones;Valoración en especie;2022;874,96
Ambos sexos;64 Servicios financieros, excepto seguros y fondos de pensiones;Salario ordinario;2022;43.589,52
Ambos sexos;65 Seguros, reaseguros y fondos de pensiones, excepto Seguridad Social obligatoria;Salario bruto;2022;43.621,85
Ambos sexos;65 Seguros, reaseguros y fondos de pensiones, excepto Seguridad Social obligatoria;Pagos extraordinarios;2022;5.641,65
Ambos sexos;65 Seguros, reaseguros y fondos de pensiones, excepto Seguridad Social obligatoria;Valoración en especie;2022;1.117,7
Ambos sexos;65 Seguros, reaseguros y fondos de pensiones, excepto Seguridad Social obligatoria;Salario ordinario;2022;36.862,5
Ambos sexos;66 Actividades auxiliares a los servicios financieros y a los seguros;Salario bruto;2022;29.651,16
Ambos sexos;66 Actividades auxiliares a los servicios financieros y a los seguros;Pagos extraordinarios;2022;3.737,54
Ambos sexos;66 Actividades auxiliares a los servicios financieros y a los seguros;Valoración en especie;2022;389,88
Ambos sexos;66 Actividades auxiliares a los servicios financieros y a los seguros;Salario ordinario;2022;25.523,74
Ambos sexos;68 Actividades inmobiliarias;Salario bruto;2022;26.172,9
Ambos sexos;68 Actividades inmobiliarias;Pagos extraordinarios;2022;2.411,55
Ambos sexos;68 Actividades inmobiliarias;Valoración en especie;2022;148,94
Ambos sexos;68 Actividades inmobiliarias;Salario ordinario;2022;23.612,41
Ambos sexos;69 Actividades jurídicas y de contabilidad;Salario bruto;2022;28.457,5
Ambos sexos;69 Actividades jurídicas y de contabilidad;Pagos extraordinarios;2022;3.202,14
Ambos sexos;69 Actividades jurídicas y de contabilidad;Valoración en especie;2022;159,86
Ambos sexos;69 Actividades jurídicas y de contabilidad;Salario ordinario;2022;25.095,5
Ambos sexos;70 Actividades de las sedes centrales, actividades de consultoría de gestión empresarial;Salario bruto;2022;31.849,86
Ambos sexos;70 Actividades de las sedes centrales, actividades de consultoría de gestión empresarial;Pagos extraordinarios;2022;3.127,8
Ambos sexos;70 Actividades de las sedes centrales, actividades de consultoría de gestión empresarial;Valoración en especie;2022;357,41
Ambos sexos;70 Actividades de las sedes centrales, actividades de consultoría de gestión empresarial;Salario ordinario;2022;28.364,65
Ambos sexos;71 Servicios técnicos de arquitectura e ingeniería, ensayos y análisis técnicos;Salario bruto;2022;33.100,42
Ambos sexos;71 Servicios técnicos de arquitectura e ingeniería, ensayos y análisis técnicos;Pagos extraordinarios;2022;2.819,95
Ambos sexos;71 Servicios técnicos de arquitectura e ingeniería, ensayos y análisis técnicos;Valoración en especie;2022;231,75
Ambos sexos;71 Servicios técnicos de arquitectura e ingeniería, ensayos y análisis técnicos;Salario ordinario;2022;30.048,72
Ambos sexos;72 Investigación y desarrollo;Salario bruto;2022;36.366,4
Ambos sexos;72 Investigación y desarrollo;Pagos extraordinarios;2022;3.505
Ambos sexos;72 Investigación y desarrollo;Valoración en especie;2022;196,39
Ambos sexos;72 Investigación y desarrollo;Salario ordinario;2022;32.665,01
Ambos sexos;73 Publicidad y estudios de mercado;Salario bruto;2022;31.049,78
Ambos sexos;73 Publicidad y estudios de mercado;Pagos extraordinarios;2022;2.865,38
Ambos sexos;73 Publicidad y estudios de mercado;Valoración en especie;2022;478,37
Ambos sexos;73 Publicidad y estudios de mercado;Salario ordinario;2022;27.706,03
Ambos sexos;74 Otras actividades profesionales, científicas y técnicas;Salario bruto;2022;28.014,26
Ambos sexos;74 Otras actividades profesionales, científicas y técnicas;Pagos extraordinarios;2022;2.741,12
Ambos sexos;74 Otras actividades profesionales, científicas y técnicas;Valoración en especie;2022;223,36
Ambos sexos;74 Otras actividades profesionales, científicas y técnicas;Salario ordinario;2022;25.049,78
Ambos sexos;75 Actividades veterinarias;Salario bruto;2022;18.506,84
Ambos sexos;75 Actividades veterinarias;Pagos extraordinarios;2022;847,16
Ambos sexos;75 Actividades veterinarias;Valoración en especie;2022;25,74
Ambos sexos;75 Actividades veterinarias;Salario ordinario;2022;17.633,94
Ambos sexos;77 Actividades de alquiler;Salario bruto;2022;26.025,85
Ambos sexos;77 Actividades de alquiler;Pagos extraordinarios;2022;3.180,42
Ambos sexos;77 Actividades de alquiler;Valoración en especie;2022;247,39
Ambos sexos;77 Actividades de alquiler;Salario ordinario;2022;22.598,04
Ambos sexos;78 Actividades relacionadas con el empleo;Salario bruto;2022;19.983,99
Ambos sexos;78 Actividades relacionadas con el empleo;Pagos extraordinarios;2022;801,58
Ambos sexos;78 Actividades relacionadas con el empleo;Valoración en especie;2022;58,97
Ambos sexos;78 Actividades relacionadas con el empleo;Salario ordinario;2022;19.123,44
Ambos sexos;79 Actividades de agencias de viajes, operadores turísticos, servicios de reservas y actividades relacionadas con los mismos;Salario bruto;2022;27.000,87
Ambos sexos;79 Actividades de agencias de viajes, operadores turísticos, servicios de reservas y actividades relacionadas con los mismos;Pagos extraordinarios;2022;2.704,62
Ambos sexos;79 Actividades de agencias de viajes, operadores turísticos, servicios de reservas y actividades relacionadas con los mismos;Valoración en especie;2022;132,98
Ambos sexos;79 Actividades de agencias de viajes, operadores turísticos, servicios de reservas y actividades relacionadas con los mismos;Salario ordinario;2022;24.163,27
Ambos sexos;80 Actividades de seguridad e investigación;Salario bruto;2022;22.205,75
Ambos sexos;80 Actividades de seguridad e investigación;Pagos extraordinarios;2022;1.659,24
Ambos sexos;80 Actividades de seguridad e investigación;Valoración en especie;2022;45,6
Ambos sexos;80 Actividades de seguridad e investigación;Salario ordinario;2022;20.500,91
Ambos sexos;81 Servicios a edificios y actividades de jardinería;Salario bruto;2022;14.943,69
Ambos sexos;81 Servicios a edificios y actividades de jardinería;Pagos extraordinarios;2022;1.529,08
Ambos sexos;81 Servicios a edificios y actividades de jardinería;Valoración en especie;2022;39,81
Ambos sexos;81 Servicios a edificios y actividades de jardinería;Salario ordinario;2022;13.374,8
Ambos sexos;82 Actividades administrativas de oficina y otras actividades auxiliares a las empresas;Salario bruto;2022;21.870,74
Ambos sexos;82 Actividades administrativas de oficina y otras actividades auxiliares a las empresas;Pagos extraordinarios;2022;1.691,41
Ambos sexos;82 Actividades administrativas de oficina y otras actividades auxiliares a las empresas;Valoración en especie;2022;181,02
Ambos sexos;82 Actividades administrativas de oficina y otras actividades auxiliares a las empresas;Salario ordinario;2022;19.998,31
Ambos sexos;84 Administración Pública y defensa, Seguridad Social obligatoria;Salario bruto;2022;34.036,02
Ambos sexos;84 Administración Pública y defensa, Seguridad Social obligatoria;Pagos extraordinarios;2022;3.368,87
Ambos sexos;84 Administración Pública y defensa, Seguridad Social obligatoria;Valoración en especie;2022;32,31
Ambos sexos;84 Administración Pública y defensa, Seguridad Social obligatoria;Salario ordinario;2022;30.634,84
Ambos sexos;85 Educación;Salario bruto;2022;29.263,89
Ambos sexos;85 Educación;Pagos extraordinarios;2022;2.148,78
Ambos sexos;85 Educación;Valoración en especie;2022;52,24
Ambos sexos;85 Educación;Salario ordinario;2022;27.062,87
Ambos sexos;86 Actividades sanitarias;Salario bruto;2022;36.631,6
Ambos sexos;86 Actividades sanitarias;Pagos extraordinarios;2022;2.902,77
Ambos sexos;86 Actividades sanitarias;Valoración en especie;2022;20,06
Ambos sexos;86 Actividades sanitarias;Salario ordinario;2022;33.708,77
Ambos sexos;87 Asistencia en establecimientos residenciales;Salario bruto;2022;18.691,61
Ambos sexos;87 Asistencia en establecimientos residenciales;Pagos extraordinarios;2022;1.492,86
Ambos sexos;87 Asistencia en establecimientos residenciales;Valoración en especie;2022;31,23
Ambos sexos;87 Asistencia en establecimientos residenciales;Salario ordinario;2022;17.167,52
Ambos sexos;88 Actividades de servicios sociales sin alojamiento;Salario bruto;2022;17.765,04
Ambos sexos;88 Actividades de servicios sociales sin alojamiento;Pagos extraordinarios;2022;1.417,95
Ambos sexos;88 Actividades de servicios sociales sin alojamiento;Valoración en especie;2022;14,54
Ambos sexos;88 Actividades de servicios sociales sin alojamiento;Salario ordinario;2022;16.332,55
Ambos sexos;90 Actividades de creación, artísticas y espectáculos;Salario bruto;2022;25.660,78
Ambos sexos;90 Actividades de creación, artísticas y espectáculos;Pagos extraordinarios;2022;2.188,26
Ambos sexos;90 Actividades de creación, artísticas y espectáculos;Valoración en especie;2022;42,27
Ambos sexos;90 Actividades de creación, artísticas y espectáculos;Salario ordinario;2022;23.430,25
Ambos sexos;91 Actividades de bibliotecas, archivos, museos y otras actividades culturales;Salario bruto;2022;25.068,88
Ambos sexos;91 Actividades de bibliotecas, archivos, museos y otras actividades culturales;Pagos extraordinarios;2022;2.296,59
Ambos sexos;91 Actividades de bibliotecas, archivos, museos y otras actividades culturales;Valoración en especie;2022;106,11
Ambos sexos;91 Actividades de bibliotecas, archivos, museos y otras actividades culturales;Salario ordinario;2022;22.666,18
Ambos sexos;92 Actividades de juegos de azar y apuestas;Salario bruto;2022;25.063,46
Ambos sexos;92 Actividades de juegos de azar y apuestas;Pagos extraordinarios;2022;2.785,04
Ambos sexos;92 Actividades de juegos de azar y apuestas;Valoración en especie;2022;55,32
Ambos sexos;92 Actividades de juegos de azar y apuestas;Salario ordinario;2022;22.223,1
Ambos sexos;93 Actividades deportivas, recreativas y de entretenimiento;Salario bruto;2022;16.332,64
Ambos sexos;93 Actividades deportivas, recreativas y de entretenimiento;Pagos extraordinarios;2022;958,33
Ambos sexos;93 Actividades deportivas, recreativas y de entretenimiento;Valoración en especie;2022;37,85
Ambos sexos;93 Actividades deportivas, recreativas y de entretenimiento;Salario ordinario;2022;15.336,46
Ambos sexos;94 Actividades asociativas;Salario bruto;2022;22.678,87
Ambos sexos;94 Actividades asociativas;Pagos extraordinarios;2022;1.885,62
Ambos sexos;94 Actividades asociativas;Valoración en especie;2022;59,53
Ambos sexos;94 Actividades asociativas;Salario ordinario;2022;20.733,72
Ambos sexos;95 Reparación de ordenadores, efectos personales y artículos de uso doméstico;Salario bruto;2022;24.370,36
Ambos sexos;95 Reparación de ordenadores, efectos personales y artículos de uso doméstico;Pagos extraordinarios;2022;2.249,58
Ambos sexos;95 Reparación de ordenadores, efectos personales y artículos de uso doméstico;Valoración en especie;2022;211,89
Ambos sexos;95 Reparación de ordenadores, efectos personales y artículos de uso doméstico;Salario ordinario;2022;21.908,89
Ambos sexos;96 Otros servicios personales;Salario bruto;2022;14.553,26
Ambos sexos;96 Otros servicios personales;Pagos extraordinarios;2022;842,22
Ambos sexos;96 Otros servicios personales;Valoración en especie;2022;13,58
Ambos sexos;96 Otros servicios personales;Salario ordinario;2022;13.697,46
Mujeres;B_S Todas las divisiones;Salario bruto;2022;24.359,82
Mujeres;B_S Todas las divisiones;Pagos extraordinarios;2022;2.214,39
Mujeres;B_S Todas las divisiones;Valoración en especie;2022;110,54
Mujeres;B_S Todas las divisiones;Salario ordinario;2022;22.034,89
Mujeres;B Industrias extractivas;Salario bruto;2022;-42.851,51
Mujeres;B Industrias extractivas;Pagos extraordinarios;2022;-3.767,42
Mujeres;B Industrias extractivas;Valoración en especie;2022;-217,04
Mujeres;B Industrias extractivas;Salario ordinario;2022;-38.867,05
Mujeres;10 Industria de la alimentación;Salario bruto;2022;20.670,89
Mujeres;10 Industria de la alimentación;Pagos extraordinarios;2022;1.730,64
Mujeres;10 Industria de la alimentación;Valoración en especie;2022;71,35
Mujeres;10 Industria de la alimentación;Salario ordinario;2022;18.868,9
Mujeres;11 Fabricación de bebidas;Salario bruto;2022;31.698,24
Mujeres;11 Fabricación de bebidas;Pagos extraordinarios;2022;3.681,99
Mujeres;11 Fabricación de bebidas;Valoración en especie;2022;260,3
Mujeres;11 Fabricación de bebidas;Salario ordinario;2022;27.755,95
Mujeres;12 Industria del tabaco;Salario bruto;2022;-44.176,51
Mujeres;12 Industria del tabaco;Pagos extraordinarios;2022;-4.162,72
Mujeres;12 Industria del tabaco;Valoración en especie;2022;-599,71
Mujeres;12 Industria del tabaco;Salario ordinario;2022;-39.414,08
Mujeres;13 Industria textil;Salario bruto;2022;20.595,33
Mujeres;13 Industria textil;Pagos extraordinarios;2022;1.918,38
Mujeres;13 Industria textil;Valoración en especie;2022;24,89
Mujeres;13 Industria textil;Salario ordinario;2022;18.652,06
Mujeres;14 Confección de prendas de vestir;Salario bruto;2022;20.145,91
Mujeres;14 Confección de prendas de vestir;Pagos extraordinarios;2022;2.316,22
Mujeres;14 Confección de prendas de vestir;Valoración en especie;2022;60,4
Mujeres;14 Confección de prendas de vestir;Salario ordinario;2022;17.769,29
Mujeres;15 Industria del cuero y del calzado;Salario bruto;2022;18.719,13
Mujeres;15 Industria del cuero y del calzado;Pagos extraordinarios;2022;1.437,9
Mujeres;15 Industria del cuero y del calzado;Valoración en especie;2022;91,77
Mujeres;15 Industria del cuero y del calzado;Salario ordinario;2022;17.189,46
Mujeres;16 Industria de la madera y del corcho, excepto muebles, cestería y espartería;Salario bruto;2022;-20.594,53
Mujeres;16 Industria de la madera y del corcho, excepto muebles, cestería y espartería;Pagos extraordinarios;2022;-2.140,94
Mujeres;16 Industria de la madera y del corcho, excepto muebles, cestería y espartería;Valoración en especie;2022;-80,4
Mujeres;16 Industria de la madera y del corcho, excepto muebles, cestería y espartería;Salario ordinario;2022;-18.373,19
Mujeres;17 Industria del papel;Salario bruto;2022;26.382,59
Mujeres;17 Industria del papel;Pagos extraordinarios;2022;2.914,03
Mujeres;17 Industria del papel;Valoración en especie;2022;152,49
Mujeres;17 Industria del papel;Salario ordinario;2022;23.316,07
Mujeres;18 Artes gráficas y reproducción de soportes grabados;Salario bruto;2022;21.096,25
Mujeres;18 Artes gráficas y reproducción de soportes grabados;Pagos extraordinarios;2022;2.071,92
Mujeres;18 Artes gráficas y reproducción de soportes grabados;Valoración en especie;2022;211,46
Mujeres;18 Artes gráficas y reproducción de soportes grabados;Salario ordinario;2022;18.812,87
Mujeres;19 Coquerías y refino de petróleo;Salario bruto;2022;..
Mujeres;19 Coquerías y refino de petróleo;Pagos extraordinarios;2022;..
Mujeres;19 Coquerías y refino de petróleo;Valoración en especie;2022;..
Mujeres;19 Coquerías y refino de petróleo;Salario ordinario;2022;..
Mujeres;20 Industria química;Salario bruto;2022;34.758,73
Mujeres;20 Industria química;Pagos extraordinarios;2022;4.414,11
Mujeres;20 Industria química;Valoración en especie;2022;226,74
Mujeres;20 Industria química;Salario ordinario;2022;30.117,88
Mujeres;21 Fabricación de productos farmacéuticos;Salario bruto;2022;40.636,97
Mujeres;21 Fabricación de productos farmacéuticos;Pagos extraordinarios;2022;7.268,94
Mujeres;21 Fabricación de productos farmacéuticos;Valoración en especie;2022;559,95
Mujeres;21 Fabricación de productos farmacéuticos;Salario ordinario;2022;32.808,08
Mujeres;22 Fabricación de productos de caucho y plásticos;Salario bruto;2022;25.720,53
Mujeres;22 Fabricación de productos de caucho y plásticos;Pagos extraordinarios;2022;2.638,72
Mujeres;22 Fabricación de productos de caucho y plásticos;Valoración en especie;2022;52,44
Mujeres;22 Fabricación de productos de caucho y plásticos;Salario ordinario;2022;23.029,37
Mujeres;23 Fabricación de otros productos minerales no metálicos;Salario bruto;2022;-27.737,01
Mujeres;23 Fabricación de otros productos minerales no metálicos;Pagos extraordinarios;2022;-3.910,24
Mujeres;23 Fabricación de otros productos minerales no metálicos;Valoración en especie;2022;-67,21
Mujeres;23 Fabricación de otros productos minerales no metálicos;Salario ordinario;2022;-23.759,56
Mujeres;24 Metalurgia, fabricación de productos de hierro, acero y ferroaleaciones;Salario bruto;2022;-34.283,8
Mujeres;24 Metalurgia, fabricación de productos de hierro, acero y ferroaleaciones;Pagos extraordinarios;2022;-4.989,67
Mujeres;24 Metalurgia, fabricación de productos de hierro, acero y ferroaleaciones;Valoración en especie;2022;-281,83
Mujeres;24 Metalurgia, fabricación de productos de hierro, acero y ferroaleaciones;Salario ordinario;2022;-29.012,3
Mujeres;25 Fabricación de productos metálicos, excepto maquinaria y equipo;Salario bruto;2022;-24.253,83
Mujeres;25 Fabricación de productos metálicos, excepto maquinaria y equipo;Pagos extraordinarios;2022;-2.327,11
Mujeres;25 Fabricación de productos metálicos, excepto maquinaria y equipo;Valoración en especie;2022;-100,7
Mujeres;25 Fabricación de productos metálicos, excepto maquinaria y equipo;Salario ordinario;2022;-21.826,02
Mujeres;26 Fabricación de productos informáticos, electrónicos y ópticos;Salario bruto;2022;30.406,08
Mujeres;26 Fabricación de productos informáticos, electrónicos y ópticos;Pagos extraordinarios;2022;3.252,89
Mujeres;26 Fabricación de productos informáticos, electrónicos y ópticos;Valoración en especie;2022;166,56
Mujeres;26 Fabricación de productos informáticos, electrónicos y ópticos;Salario ordinario;2022;26.986,63
Mujeres;27 Fabricación de material y equipo eléctrico;Salario bruto;2022;29.986,82
Mujeres;27 Fabricación de material y equipo eléctrico;Pagos extraordinarios;2022;3.615,58
Mujeres;27 Fabricación de material y equipo eléctrico;Valoración en especie;2022;171,53
Mujeres;27 Fabricación de material y equipo eléctrico;Salario ordinario;2022;26.199,71
Mujeres;28 Fabricación de maquinaria y equipo n.c.o.p.;Salario bruto;2022;-34.353,94
Mujeres;28 Fabricación de maquinaria y equipo n.c.o.p.;Pagos extraordinarios;2022;-4.804,38
Mujeres;28 Fabricación de maquinaria y equipo n.c.o.p.;Valoración en especie;2022;-143,94
Mujeres;28 Fabricación de maquinaria y equipo n.c.o.p.;Salario ordinario;2022;-29.405,62
Mujeres;29 Fabricación de vehículos de motor, remolques y semirremolques;Salario bruto;2022;31.503,94
Mujeres;29 Fabricación de vehículos de motor, remolques y semirremolques;Pagos extraordinarios;2022;4.626,73
Mujeres;29 Fabricación de vehículos de motor, remolques y semirremolques;Valoración en especie;2022;129,75
Mujeres;29 Fabricación de vehículos de motor, remolques y semirremolques;Salario ordinario;2022;26.747,46
Mujeres;30 Fabricación de otro material de transporte;Salario bruto;2022;-46.113,81
Mujeres;30 Fabricación de otro material de transporte;Pagos extraordinarios;2022;-7.192,95
Mujeres;30 Fabricación de otro material de transporte;Valoración en especie;2022;-168,46
Mujeres;30 Fabricación de otro material de transporte;Salario ordinario;2022;-38.752,4
Mujeres;31 Fabricación de muebles;Salario bruto;2022;-18.865,06
Mujeres;31 Fabricación de muebles;Pagos extraordinarios;2022;-1.566,01
Mujeres;31 Fabricación de muebles;Valoración en especie;2022;-23,73
Mujeres;31 Fabricación de muebles;Salario ordinario;2022;-17.275,32
Mujeres;32 Otras industrias manufactureras;Salario bruto;2022;21.915,15
Mujeres;32 Otras industrias manufactureras;Pagos extraordinarios;2022;1.726,46
Mujeres;32 Otras industrias manufactureras;Valoración en especie;2022;90,71
Mujeres;32 Otras industrias manufactureras;Salario ordinario;2022;20.097,98
Mujeres;33 Reparación e instalación de maquinaria y equipo;Salario bruto;2022;-25.075,53
Mujeres;33 Reparación e instalación de maquinaria y equipo;Pagos extraordinarios;2022;-2.034,28
Mujeres;33 Reparación e instalación de maquinaria y equipo;Valoración en especie;2022;-134,15
Mujeres;33 Reparación e instalación de maquinaria y equipo;Salario ordinario;2022;-22.907,1
Mujeres;35 Suministro de energía eléctrica, gas, vapor y aire acondicionado;Salario bruto;2022;49.546,23
Mujeres;35 Suministro de energía eléctrica, gas, vapor y aire acondicionado;Pagos extraordinarios;2022;5.217,16
Mujeres;35 Suministro de energía eléctrica, gas, vapor y aire acondicionado;Valoración en especie;2022;944,49
Mujeres;35 Suministro de energía eléctrica, gas, vapor y aire acondicionado;Salario ordinario;2022;43.384,58
Mujeres;36 Captación, depuración y distribución de agua;Salario bruto;2022;34.783,36
Mujeres;36 Captación, depuración y distribución de agua;Pagos extraordinarios;2022;6.265,43
Mujeres;36 Captación, depuración y distribución de agua;Valoración en especie;2022;173,42
Mujeres;36 Captación, depuración y distribución de agua;Salario ordinario;2022;28.344,51
Mujeres;37 Recogida y tratamiento de aguas residuales;Salario bruto;2022;-29.955,98
Mujeres;37 Recogida y tratamiento de aguas residuales;Pagos extraordinarios;2022;-3.674,66
Mujeres;37 Recogida y tratamiento de aguas residuales;Valoración en especie;2022;-297,75
Mujeres;37 Recogida y tratamiento de aguas residuales;Salario ordinario;2022;-25.983,57
Mujeres;38 Recogida, tratamiento y eliminación de residuos, valorización;Salario bruto;2022;25.761,85
Mujeres;38 Recogida, tratamiento y eliminación de residuos, valorización;Pagos extraordinarios;2022;3.442,53
Mujeres;38 Recogida, tratamiento y eliminación de residuos, valorización;Valoración en especie;2022;45,87
Mujeres;38 Recogida, tratamiento y eliminación de residuos, valorización;Salario ordinario;2022;22.273,45
Mujeres;39 Actividades de descontaminación y otros servicios de gestión de residuos;Salario bruto;2022;..
Mujeres;39 Actividades de descontaminación y otros servicios de gestión de residuos;Pagos extraordinarios;2022;..
Mujeres;39 Actividades de descontaminación y otros servicios de gestión de residuos;Valoración en especie;2022;..
Mujeres;39 Actividades de descontaminación y otros servicios de gestión de residuos;Salario ordinario;2022;..
Mujeres;41 Construcción de edificios;Salario bruto;2022;-27.284,57
Mujeres;41 Construcción de edificios;Pagos extraordinarios;2022;-2.989,48
Mujeres;41 Construcción de edificios;Valoración en especie;2022;-64,97
Mujeres;41 Construcción de edificios;Salario ordinario;2022;-24.230,12
Mujeres;42 Ingeniería civil;Salario bruto;2022;-30.574,97
Mujeres;42 Ingeniería civil;Pagos extraordinarios;2022;-3.411,09
Mujeres;42 Ingeniería civil;Valoración en especie;2022;-68,34
Mujeres;42 Ingeniería civil;Salario ordinario;2022;-27.095,54
Mujeres;43 Actividades de construcción especializada;Salario bruto;2022;-24.962,22
Mujeres;43 Actividades de construcción especializada;Pagos extraordinarios;2022;-2.428,58
Mujeres;43 Actividades de construcción especializada;Valoración en especie;2022;-120,71
Mujeres;43 Actividades de construcción especializada;Salario ordinario;2022;-22.412,93
Mujeres;45 Venta y reparación de vehículos de motor y motocicletas;Salario bruto;2022;-22.322,81
Mujeres;45 Venta y reparación de vehículos de motor y motocicletas;Pagos extraordinarios;2022;-2.822,93
Mujeres;45 Venta y reparación de vehículos de motor y motocicletas;Valoración en especie;2022;-107,26
Mujeres;45 Venta y reparación de vehículos de motor y motocicletas;Salario ordinario;2022;-19.392,62
Mujeres;46 Comercio al por mayor e intermediarios del comercio, excepto de vehículos de motor y motocicletas;Salario bruto;2022;25.937,44
Mujeres;46 Comercio al por mayor e intermediarios del comercio, excepto de vehículos de motor y motocicletas;Pagos extraordinarios;2022;2.791,4
Mujeres;46 Comercio al por mayor e intermediarios del comercio, excepto de vehículos de motor y motocicletas;Valoración en especie;2022;294,05
Mujeres;46 Comercio al por mayor e intermediarios del comercio, excepto de vehículos de motor y motocicletas;Salario ordinario;2022;22.851,99
Mujeres;47 Comercio al por menor, excepto de vehículos de motor y motocicletas;Salario bruto;2022;18.009,26
Mujeres;47 Comercio al por menor, excepto de vehículos de motor y motocicletas;Pagos extraordinarios;2022;1.759,58
Mujeres;47 Comercio al por menor, excepto de vehículos de motor y motocicletas;Valoración en especie;2022;100,91
Mujeres;47 Comercio al por menor, excepto de vehículos de motor y motocicletas;Salario ordinario;2022;16.148,77
Mujeres;49 Transporte terrestre y por tubería;Salario bruto;2022;23.998,59
Mujeres;49 Transporte terrestre y por tubería;Pagos extraordinarios;2022;2.807,52
Mujeres;49 Transporte terrestre y por tubería;Valoración en especie;2022;99,82
Mujeres;49 Transporte terrestre y por tubería;Salario ordinario;2022;21.091,25
Mujeres;50 Transporte marítimo y por vías navegables interiores;Salario bruto;2022;-26.448,12
Mujeres;50 Transporte marítimo y por vías navegables interiores;Pagos extraordinarios;2022;-3.079,18
Mujeres;50 Transporte marítimo y por vías navegables interiores;Valoración en especie;2022;-102,28
Mujeres;50 Transporte marítimo y por vías navegables interiores;Salario ordinario;2022;-23.266,66
Mujeres;51 Transporte aéreo;Salario bruto;2022;36.806,02
Mujeres;51 Transporte aéreo;Pagos extraordinarios;2022;2.531,58
Mujeres;51 Transporte aéreo;Valoración en especie;2022;622,25
Mujeres;51 Transporte aéreo;Salario ordinario;2022;33.652,19
Mujeres;52 Almacenamiento y actividades anexas al transporte;Salario bruto;2022;28.198,93
Mujeres;52 Almacenamiento y actividades anexas al transporte;Pagos extraordinarios;2022;3.142,29
Mujeres;52 Almacenamiento y actividades anexas al transporte;Valoración en especie;2022;257,43
Mujeres;52 Almacenamiento y actividades anexas al transporte;Salario ordinario;2022;24.799,21
Mujeres;53 Actividades postales y de correos;Salario bruto;2022;22.501,62
Mujeres;53 Actividades postales y de correos;Pagos extraordinarios;2022;2.236,35
Mujeres;53 Actividades postales y de correos;Valoración en especie;2022;29,8
Mujeres;53 Actividades postales y de correos;Salario ordinario;2022;20.235,47
Mujeres;55 Servicios de alojamiento;Salario bruto;2022;20.005,33
Mujeres;55 Servicios de alojamiento;Pagos extraordinarios;2022;1.375,57
Mujeres;55 Servicios de alojamiento;Valoración en especie;2022;145,09
Mujeres;55 Servicios de alojamiento;Salario ordinario;2022;18.484,67
Mujeres;56 Servicios de comidas y bebidas;Salario bruto;2022;13.418,95
Mujeres;56 Servicios de comidas y bebidas;Pagos extraordinarios;2022;632,73
Mujeres;56 Servicios de comidas y bebidas;Valoración en especie;2022;81,16
Mujeres;56 Servicios de comidas y bebidas;Salario ordinario;2022;12.705,06
Mujeres;58 Edición;Salario bruto;2022;32.016,04
Mujeres;58 Edición;Pagos extraordinarios;2022;3.531,07
Mujeres;58 Edición;Valoración en especie;2022;308,3
Mujeres;58 Edición;Salario ordinario;2022;28.176,67
Mujeres;59 Actividades cinematográficas, de vídeo y de programas de televisión, grabación de sonido y edición musical;Salario bruto;2022;29.178,7
Mujeres;59 Actividades cinematográficas, de vídeo y de programas de televisión, grabación de sonido y edición musical;Pagos extraordinarios;2022;2.531,89
Mujeres;59 Actividades cinematográficas, de vídeo y de programas de televisión, grabación de sonido y edición musical;Valoración en especie;2022;175,47
Mujeres;59 Actividades cinematográficas, de vídeo y de programas de televisión, grabación de sonido y edición musical;Salario ordinario;2022;26.471,34
Mujeres;60 Actividades de programación y emisión de radio y televisión;Salario bruto;2022;43.531,1
Mujeres;60 Actividades de programación y emisión de radio y televisión;Pagos extraordinarios;2022;6.039,05
Mujeres;60 Actividades de programación y emisión de radio y televisión;Valoración en especie;2022;288,37
Mujeres;60 Actividades de programación y emisión de radio y televisión;Salario ordinario;2022;37.203,68
Mujeres;61 Telecomunicaciones;Salario bruto;2022;40.631,05
Mujeres;61 Telecomunicaciones;Pagos extraordinarios;2022;6.565,83
Mujeres;61 Telecomunicaciones;Valoración en especie;2022;723,97
Mujeres;61 Telecomunicaciones;Salario ordinario;2022;33.341,25
Mujeres;62 Programación, consultoría y otras actividades relacionadas con la informática;Salario bruto;2022;33.884,13
Mujeres;62 Programación, consultoría y otras actividades relacionadas con la informática;Pagos extraordinarios;2022;2.875,95
Mujeres;62 Programación, consultoría y otras actividades relacionadas con la informática;Valoración en especie;2022;432,23
Mujeres;62 Programación, consultoría y otras actividades relacionadas con la informática;Salario ordinario;2022;30.575,95
Mujeres;63 Servicios de información;Salario bruto;2022;30.414,73
Mujeres;63 Servicios de información;Pagos extraordinarios;2022;2.724,19
Mujeres;63 Servicios de información;Valoración en especie;2022;216,39
Mujeres;63 Servicios de información;Salario ordinario;2022;27.474,15
Mujeres;64 Servicios financieros, excepto seguros y fondos de pensiones;Salario bruto;2022;50.346,2
Mujeres;64 Servicios financieros, excepto seguros y fondos de pensiones;Pagos extraordinarios;2022;8.498,83
Mujeres;64 Servicios financieros, excepto seguros y fondos de pensiones;Valoración en especie;2022;731,24
Mujeres;64 Servicios financieros, excepto seguros y fondos de pensiones;Salario ordinario;2022;41.116,13
Mujeres;65 Seguros, reaseguros y fondos de pensiones, excepto Seguridad Social obligatoria;Salario bruto;2022;38.247,04
Mujeres;65 Seguros, reaseguros y fondos de pensiones, excepto Seguridad Social obligatoria;Pagos extraordinarios;2022;4.771,04
Mujeres;65 Seguros, reaseguros y fondos de pensiones, excepto Seguridad Social obligatoria;Valoración en especie;2022;906,13
Mujeres;65 Seguros, reaseguros y fondos de pensiones, excepto Seguridad Social obligatoria;Salario ordinario;2022;32.569,87
Mujeres;66 Actividades auxiliares a los servicios financieros y a los seguros;Salario bruto;2022;26.381,85
Mujeres;66 Actividades auxiliares a los servicios financieros y a los seguros;Pagos extraordinarios;2022;2.921,28
Mujeres;66 Actividades auxiliares a los servicios financieros y a los seguros;Valoración en especie;2022;278,73
Mujeres;66 Actividades auxiliares a los servicios financieros y a los seguros;Salario ordinario;2022;23.181,84
Mujeres;68 Actividades inmobiliarias;Salario bruto;2022;23.538,96
Mujeres;68 Actividades inmobiliarias;Pagos extraordinarios;2022;2.260,7
Mujeres;68 Actividades inmobiliarias;Valoración en especie;2022;134,02
Mujeres;68 Actividades inmobiliarias;Salario ordinario;2022;21.144,24
Mujeres;69 Actividades jurídicas y de contabilidad;Salario bruto;2022;24.367,09
Mujeres;69 Actividades jurídicas y de contabilidad;Pagos extraordinarios;2022;2.599,4
Mujeres;69 Actividades jurídicas y de contabilidad;Valoración en especie;2022;140,99
Mujeres;69 Actividades jurídicas y de contabilidad;Salario ordinario;2022;21.626,7
Mujeres;70 Actividades de las sedes centrales, actividades de consultoría de gestión empresarial;Salario bruto;2022;28.039,23
Mujeres;70 Actividades de las sedes centrales, actividades de consultoría de gestión empresarial;Pagos extraordinarios;2022;2.756,32
Mujeres;70 Actividades de las sedes centrales, actividades de consultoría de gestión empresarial;Valoración en especie;2022;266,53
Mujeres;70 Actividades de las sedes centrales, actividades de consultoría de gestión empresarial;Salario ordinario;2022;25.016,38
Mujeres;71 Servicios técnicos de arquitectura e ingeniería, ensayos y análisis técnicos;Salario bruto;2022;29.122,14
Mujeres;71 Servicios técnicos de arquitectura e ingeniería, ensayos y análisis técnicos;Pagos extraordinarios;2022;2.276,42
Mujeres;71 Servicios técnicos de arquitectura e ingeniería, ensayos y análisis técnicos;Valoración en especie;2022;166,74
Mujeres;71 Servicios técnicos de arquitectura e ingeniería, ensayos y análisis técnicos;Salario ordinario;2022;26.678,98
Mujeres;72 Investigación y desarrollo;Salario bruto;2022;34.375,27
Mujeres;72 Investigación y desarrollo;Pagos extraordinarios;2022;3.213,71
Mujeres;72 Investigación y desarrollo;Valoración en especie;2022;156,92
Mujeres;72 Investigación y desarrollo;Salario ordinario;2022;31.004,64
Mujeres;73 Publicidad y estudios de mercado;Salario bruto;2022;26.663,3
Mujeres;73 Publicidad y estudios de mercado;Pagos extraordinarios;2022;2.273,09
Mujeres;73 Publicidad y estudios de mercado;Valoración en especie;2022;272,88
Mujeres;73 Publicidad y estudios de mercado;Salario ordinario;2022;24.117,33
Mujeres;74 Otras actividades profesionales, científicas y técnicas;Salario bruto;2022;25.228,17
Mujeres;74 Otras actividades profesionales, científicas y técnicas;Pagos extraordinarios;2022;2.515,71
Mujeres;74 Otras actividades profesionales, científicas y técnicas;Valoración en especie;2022;176,28
Mujeres;74 Otras actividades profesionales, científicas y técnicas;Salario ordinario;2022;22.536,18
Mujeres;75 Actividades veterinarias;Salario bruto;2022;17.058
Mujeres;75 Actividades veterinarias;Pagos extraordinarios;2022;835,18
Mujeres;75 Actividades veterinarias;Valoración en especie;2022;16,07
Mujeres;75 Actividades veterinarias;Salario ordinario;2022;16.206,75
Mujeres;77 Actividades de alquiler;Salario bruto;2022;23.857,33
Mujeres;77 Actividades de alquiler;Pagos extraordinarios;2022;2.992,18
Mujeres;77 Actividades de alquiler;Valoración en especie;2022;257,99
Mujeres;77 Actividades de alquiler;Salario ordinario;2022;20.607,16
Mujeres;78 Actividades relacionadas con el empleo;Salario bruto;2022;18.791,09
Mujeres;78 Actividades relacionadas con el empleo;Pagos extraordinarios;2022;907,96
Mujeres;78 Actividades relacionadas con el empleo;Valoración en especie;2022;57,33
Mujeres;78 Actividades relacionadas con el empleo;Salario ordinario;2022;17.825,8
Mujeres;79 Actividades de agencias de viajes, operadores turísticos, servicios de reservas y actividades relacionadas con los mismos;Salario bruto;2022;24.757,18
Mujeres;79 Actividades de agencias de viajes, operadores turísticos, servicios de reservas y actividades relacionadas con los mismos;Pagos extraordinarios;2022;2.538,56
Mujeres;79 Actividades de agencias de viajes, operadores turísticos, servicios de reservas y actividades relacionadas con los mismos;Valoración en especie;2022;101,02
Mujeres;79 Actividades de agencias de viajes, operadores turísticos, servicios de reservas y actividades relacionadas con los mismos;Salario ordinario;2022;22.117,6
Mujeres;80 Actividades de seguridad e investigación;Salario bruto;2022;20.740,38
Mujeres;80 Actividades de seguridad e investigación;Pagos extraordinarios;2022;1.399,97
Mujeres;80 Actividades de seguridad e investigación;Valoración en especie;2022;40,79
Mujeres;80 Actividades de seguridad e investigación;Salario ordinario;2022;19.299,62
Mujeres;81 Servicios a edificios y actividades de jardinería;Salario bruto;2022;12.857,3
Mujeres;81 Servicios a edificios y actividades de jardinería;Pagos extraordinarios;2022;1.330,63
Mujeres;81 Servicios a edificios y actividades de jardinería;Valoración en especie;2022;27,31
Mujeres;81 Servicios a edificios y actividades de jardinería;Salario ordinario;2022;11.499,36
Mujeres;82 Actividades administrativas de oficina y otras actividades auxiliares a las empresas;Salario bruto;2022;20.141,53
Mujeres;82 Actividades administrativas de oficina y otras actividades auxiliares a las empresas;Pagos extraordinarios;2022;1.578,72
Mujeres;82 Actividades administrativas de oficina y otras actividades auxiliares a las empresas;Valoración en especie;2022;157,39
Mujeres;82 Actividades administrativas de oficina y otras actividades auxiliares a las empresas;Salario ordinario;2022;18.405,42
Mujeres;84 Administración Pública y defensa, Seguridad Social obligatoria;Salario bruto;2022;32.272,17
Mujeres;84 Administración Pública y defensa, Seguridad Social obligatoria;Pagos extraordinarios;2022;2.951,9
Mujeres;84 Administración Pública y defensa, Seguridad Social obligatoria;Valoración en especie;2022;24,11
Mujeres;84 Administración Pública y defensa, Seguridad Social obligatoria;Salario ordinario;2022;29.296,16
Mujeres;85 Educación;Salario bruto;2022;28.258,5
Mujeres;85 Educación;Pagos extraordinarios;2022;2.015,51
Mujeres;85 Educación;Valoración en especie;2022;40
Mujeres;85 Educación;Salario ordinario;2022;26.202,99
Mujeres;86 Actividades sanitarias;Salario bruto;2022;34.317,23
Mujeres;86 Actividades sanitarias;Pagos extraordinarios;2022;2.698,9
Mujeres;86 Actividades sanitarias;Valoración en especie;2022;20,05
Mujeres;86 Actividades sanitarias;Salario ordinario;2022;31.598,28
Mujeres;87 Asistencia en establecimientos residenciales;Salario bruto;2022;18.266,24
Mujeres;87 Asistencia en establecimientos residenciales;Pagos extraordinarios;2022;1.439,19
Mujeres;87 Asistencia en establecimientos residenciales;Valoración en especie;2022;24,91
Mujeres;87 Asistencia en establecimientos residenciales;Salario ordinario;2022;16.802,14
Mujeres;88 Actividades de servicios sociales sin alojamiento;Salario bruto;2022;16.952,19
Mujeres;88 Actividades de servicios sociales sin alojamiento;Pagos extraordinarios;2022;1.332,64
Mujeres;88 Actividades de servicios sociales sin alojamiento;Valoración en especie;2022;12,9
Mujeres;88 Actividades de servicios sociales sin alojamiento;Salario ordinario;2022;15.606,65
Mujeres;90 Actividades de creación, artísticas y espectáculos;Salario bruto;2022;25.444,01
Mujeres;90 Actividades de creación, artísticas y espectáculos;Pagos extraordinarios;2022;2.227,06
Mujeres;90 Actividades de creación, artísticas y espectáculos;Valoración en especie;2022;33,05
Mujeres;90 Actividades de creación, artísticas y espectáculos;Salario ordinario;2022;23.183,9
Mujeres;91 Actividades de bibliotecas, archivos, museos y otras actividades culturales;Salario bruto;2022;24.347,45
Mujeres;91 Actividades de bibliotecas, archivos, museos y otras actividades culturales;Pagos extraordinarios;2022;2.388,53
Mujeres;91 Actividades de bibliotecas, archivos, museos y otras actividades culturales;Valoración en especie;2022;126,95
Mujeres;91 Actividades de bibliotecas, archivos, museos y otras actividades culturales;Salario ordinario;2022;21.831,97
Mujeres;92 Actividades de juegos de azar y apuestas;Salario bruto;2022;20.591,37
Mujeres;92 Actividades de juegos de azar y apuestas;Pagos extraordinarios;2022;2.144,17
Mujeres;92 Actividades de juegos de azar y apuestas;Valoración en especie;2022;40,02
Mujeres;92 Actividades de juegos de azar y apuestas;Salario ordinario;2022;18.407,18
Mujeres;93 Actividades deportivas, recreativas y de entretenimiento;Salario bruto;2022;13.781,6
Mujeres;93 Actividades deportivas, recreativas y de entretenimiento;Pagos extraordinarios;2022;752,04
Mujeres;93 Actividades deportivas, recreativas y de entretenimiento;Valoración en especie;2022;15,17
Mujeres;93 Actividades deportivas, recreativas y de entretenimiento;Salario ordinario;2022;13.014,39
Mujeres;94 Actividades asociativas;Salario bruto;2022;21.368,68
Mujeres;94 Actividades asociativas;Pagos extraordinarios;2022;1.694,25
Mujeres;94 Actividades asociativas;Valoración en especie;2022;52,62
Mujeres;94 Actividades asociativas;Salario ordinario;2022;19.621,81
Mujeres;95 Reparación de ordenadores, efectos personales y artículos de uso doméstico;Salario bruto;2022;-20.046,46
Mujeres;95 Reparación de ordenadores, efectos personales y artículos de uso doméstico;Pagos extraordinarios;2022;-1.613,19
Mujeres;95 Reparación de ordenadores, efectos personales y artículos de uso doméstico;Valoración en especie;2022;-144,14
Mujeres;95 Reparación de ordenadores, efectos personales y artículos de uso doméstico;Salario ordinario;2022;-18.289,13
Mujeres;96 Otros servicios personales;Salario bruto;2022;13.691,76
Mujeres;96 Otros servicios personales;Pagos extraordinarios;2022;714,72
Mujeres;96 Otros servicios personales;Valoración en especie;2022;13,27
Mujeres;96 Otros servicios personales;Salario ordinario;2022;12.963,77
Hombres;B_S Todas las divisiones;Salario bruto;2022;29.381,84
Hombres;B_S Todas las divisiones;Pagos extraordinarios;2022;2.980,41
Hombres;B_S Todas las divisiones;Valoración en especie;2022;182,51
Hombres;B_S Todas las divisiones;Salario ordinario;2022;26.218,92
Hombres;B Industrias extractivas;Salario bruto;2022;35.064,02
Hombres;B Industrias extractivas;Pagos extraordinarios;2022;3.566,25
Hombres;B Industrias extractivas;Valoración en especie;2022;114,78
Hombres;B Industrias extractivas;Salario ordinario;2022;31.382,99
Hombres;10 Industria de la alimentación;Salario bruto;2022;26.444,62
Hombres;10 Industria de la alimentación;Pagos extraordinarios;2022;2.405,65
Hombres;10 Industria de la alimentación;Valoración en especie;2022;101,06
Hombres;10 Industria de la alimentación;Salario ordinario;2022;23.937,91
Hombres;11 Fabricación de bebidas;Salario bruto;2022;35.065,13
Hombres;11 Fabricación de bebidas;Pagos extraordinarios;2022;4.396,82
Hombres;11 Fabricación de bebidas;Valoración en especie;2022;321,55
Hombres;11 Fabricación de bebidas;Salario ordinario;2022;30.346,76
Hombres;12 Industria del tabaco;Salario bruto;2022;-49.564,06
Hombres;12 Industria del tabaco;Pagos extraordinarios;2022;-8.422,92
Hombres;12 Industria del tabaco;Valoración en especie;2022;-1.241,65
Hombres;12 Industria del tabaco;Salario ordinario;2022;-39.899,49
Hombres;13 Industria textil;Salario bruto;2022;25.084,01
Hombres;13 Industria textil;Pagos extraordinarios;2022;2.232,4
Hombres;13 Industria textil;Valoración en especie;2022;76,89
Hombres;13 Industria textil;Salario ordinario;2022;22.774,72
Hombres;14 Confección de prendas de vestir;Salario bruto;2022;-28.933,09
Hombres;14 Confección de prendas de vestir;Pagos extraordinarios;2022;-4.162,68
Hombres;14 Confección de prendas de vestir;Valoración en especie;2022;-101,71
Hombres;14 Confección de prendas de vestir;Salario ordinario;2022;-24.668,7
Hombres;15 Industria del cuero y del calzado;Salario bruto;2022;19.921,41
Hombres;15 Industria del cuero y del calzado;Pagos extraordinarios;2022;1.227,9
Hombres;15 Industria del cuero y del calzado;Valoración en especie;2022;52,95
Hombres;15 Industria del cuero y del calzado;Salario ordinario;2022;18.640,56
Hombres;16 Industria de la madera y del corcho, excepto muebles, cestería y espartería;Salario bruto;2022;23.000,29
Hombres;16 Industria de la madera y del corcho, excepto muebles, cestería y espartería;Pagos extraordinarios;2022;2.144,62
Hombres;16 Industria de la madera y del corcho, excepto muebles, cestería y espartería;Valoración en especie;2022;79,86
Hombres;16 Industria de la madera y del corcho, excepto muebles, cestería y espartería;Salario ordinario;2022;20.775,81
Hombres;17 Industria del papel;Salario bruto;2022;32.565,62
Hombres;17 Industria del papel;Pagos extraordinarios;2022;3.723,6
Hombres;17 Industria del papel;Valoración en especie;2022;213,13
Hombres;17 Industria del papel;Salario ordinario;2022;28.628,89
Hombres;18 Artes gráficas y reproducción de soportes grabados;Salario bruto;2022;26.470,07
Hombres;18 Artes gráficas y reproducción de soportes grabados;Pagos extraordinarios;2022;2.453,51
Hombres;18 Artes gráficas y reproducción de soportes grabados;Valoración en especie;2022;63,34
Hombres;18 Artes gráficas y reproducción de soportes grabados;Salario ordinario;2022;23.953,22
Hombres;19 Coquerías y refino de petróleo;Salario bruto;2022;-66.163,69
Hombres;19 Coquerías y refino de petróleo;Pagos extraordinarios;2022;-12.958,79
Hombres;19 Coquerías y refino de petróleo;Valoración en especie;2022;-299,29
Hombres;19 Coquerías y refino de petróleo;Salario ordinario;2022;-52.905,61
Hombres;20 Industria química;Salario bruto;2022;39.395,57
Hombres;20 Industria química;Pagos extraordinarios;2022;5.156,42
Hombres;20 Industria química;Valoración en especie;2022;278,01
Hombres;20 Industria química;Salario ordinario;2022;33.961,14
Hombres;21 Fabricación de productos farmacéuticos;Salario bruto;2022;44.902,29
Hombres;21 Fabricación de productos farmacéuticos;Pagos extraordinarios;2022;7.539,84
Hombres;21 Fabricación de productos farmacéuticos;Valoración en especie;2022;610,27
Hombres;21 Fabricación de productos farmacéuticos;Salario ordinario;2022;36.752,18
Hombres;22 Fabricación de productos de caucho y plásticos;Salario bruto;2022;30.772,54
Hombres;22 Fabricación de productos de caucho y plásticos;Pagos extraordinarios;2022;3.564,81
Hombres;22 Fabricación de productos de caucho y plásticos;Valoración en especie;2022;102,69
Hombres;22 Fabricación de productos de caucho y plásticos;Salario ordinario;2022;27.105,04
Hombres;23 Fabricación de otros productos minerales no metálicos;Salario bruto;2022;32.322,57
Hombres;23 Fabricación de otros productos minerales no metálicos;Pagos extraordinarios;2022;4.548,34
Hombres;23 Fabricación de otros productos minerales no metálicos;Valoración en especie;2022;277,77
Hombres;23 Fabricación de otros productos minerales no metálicos;Salario ordinario;2022;27.496,46
Hombres;24 Metalurgia, fabricación de productos de hierro, acero y ferroaleaciones;Salario bruto;2022;36.845,79
Hombres;24 Metalurgia, fabricación de productos de hierro, acero y ferroaleaciones;Pagos extraordinarios;2022;5.643,37
Hombres;24 Metalurgia, fabricación de productos de hierro, acero y ferroaleaciones;Valoración en especie;2022;173,9
Hombres;24 Metalurgia, fabricación de productos de hierro, acero y ferroaleaciones;Salario ordinario;2022;31.028,52
Hombres;25 Fabricación de productos metálicos, excepto maquinaria y equipo;Salario bruto;2022;27.383,14
Hombres;25 Fabricación de productos metálicos, excepto maquinaria y equipo;Pagos extraordinarios;2022;2.402,83
Hombres;25 Fabricación de productos metálicos, excepto maquinaria y equipo;Valoración en especie;2022;78,76
Hombres;25 Fabricación de productos metálicos, excepto maquinaria y equipo;Salario ordinario;2022;24.901,55
Hombres;26 Fabricación de productos informáticos, electrónicos y ópticos;Salario bruto;2022;36.274,22
Hombres;26 Fabricación de productos informáticos, electrónicos y ópticos;Pagos extraordinarios;2022;3.868,02
Hombres;26 Fabricación de productos informáticos, electrónicos y ópticos;Valoración en especie;2022;213,31
Hombres;26 Fabricación de productos informáticos, electrónicos y ópticos;Salario ordinario;2022;32.192,89
Hombres;27 Fabricación de material y equipo eléctrico;Salario bruto;2022;35.961,3
Hombres;27 Fabricación de material y equipo eléctrico;Pagos extraordinarios;2022;4.433,45
Hombres;27 Fabricación de material y equipo eléctrico;Valoración en especie;2022;238,32
Hombres;27 Fabricación de material y equipo eléctrico;Salario ordinario;2022;31.289,53
Hombres;28 Fabricación de maquinaria y equipo n.c.o.p.;Salario bruto;2022;33.934,06
Hombres;28 Fabricación de maquinaria y equipo n.c.o.p.;Pagos extraordinarios;2022;3.848,94
Hombres;28 Fabricación de maquinaria y equipo n.c.o.p.;Valoración en especie;2022;92,63
Hombres;28 Fabricación de maquinaria y equipo n.c.o.p.;Salario ordinario;2022;29.992,49
Hombres;29 Fabricación de vehículos de motor, remolques y semirremolques;Salario bruto;2022;37.673,39
Hombres;29 Fabricación de vehículos de motor, remolques y semirremolques;Pagos extraordinarios;2022;5.412,5
Hombres;29 Fabricación de vehículos de motor, remolques y semirremolques;Valoración en especie;2022;201,67
Hombres;29 Fabricación de vehículos de motor, remolques y semirremolques;Salario ordinario;2022;32.059,22
Hombres;30 Fabricación de otro material de transporte;Salario bruto;2022;46.955,4
Hombres;30 Fabricación de otro material de transporte;Pagos extraordinarios;2022;6.843,57
Hombres;30 Fabricación de otro material de transporte;Valoración en especie;2022;241,5
Hombres;30 Fabricación de otro material de transporte;Salario ordinario;2022;39.870,33
Hombres;31 Fabricación de muebles;Salario bruto;2022;22.994,1
Hombres;31 Fabricación de muebles;Pagos extraordinarios;2022;1.865,2
Hombres;31 Fabricación de muebles;Valoración en especie;2022;54,41
Hombres;31 Fabricación de muebles;Salario ordinario;2022;21.074,49
Hombres;32 Otras industrias manufactureras;Salario bruto;2022;26.369,33
Hombres;32 Otras industrias manufactureras;Pagos extraordinarios;2022;2.323,03
Hombres;32 Otras industrias manufactureras;Valoración en especie;2022;135,69
Hombres;32 Otras industrias manufactureras;Salario ordinario;2022;23.910,61
Hombres;33 Reparación e instalación de maquinaria y equipo;Salario bruto;2022;29.240,77
Hombres;33 Reparación e instalación de maquinaria y equipo;Pagos extraordinarios;2022;2.529,62
Hombres;33 Reparación e instalación de maquinaria y equipo;Valoración en especie;2022;76,74
Hombres;33 Reparación e instalación de maquinaria y equipo;Salario ordinario;2022;26.634,41
Hombres;35 Suministro de energía eléctrica, gas, vapor y aire acondicionado;Salario bruto;2022;57.488,36
Hombres;35 Suministro de energía eléctrica, gas, vapor y aire acondicionado;Pagos extraordinarios;2022;5.293,57
Hombres;35 Suministro de energía eléctrica, gas, vapor y aire acondicionado;Valoración en especie;2022;1.357,21
Hombres;35 Suministro de energía eléctrica, gas, vapor y aire acondicionado;Salario ordinario;2022;50.837,58
Hombres;36 Captación, depuración y distribución de agua;Salario bruto;2022;35.203,41
Hombres;36 Captación, depuración y distribución de agua;Pagos extraordinarios;2022;5.462,7
Hombres;36 Captación, depuración y distribución de agua;Valoración en especie;2022;157,65
Hombres;36 Captación, depuración y distribución de agua;Salario ordinario;2022;29.583,06
Hombres;37 Recogida y tratamiento de aguas residuales;Salario bruto;2022;28.750,57
Hombres;37 Recogida y tratamiento de aguas residuales;Pagos extraordinarios;2022;3.900,72
Hombres;37 Recogida y tratamiento de aguas residuales;Valoración en especie;2022;92,15
Hombres;37 Recogida y tratamiento de aguas residuales;Salario ordinario;2022;24.757,7
Hombres;38 Recogida, tratamiento y eliminación de residuos, valorización;Salario bruto;2022;29.346,55
Hombres;38 Recogida, tratamiento y eliminación de residuos, valorización;Pagos extraordinarios;2022;3.851,12
Hombres;38 Recogida, tratamiento y eliminación de residuos, valorización;Valoración en especie;2022;45,72
Hombres;38 Recogida, tratamiento y eliminación de residuos, valorización;Salario ordinario;2022;25.449,71
Hombres;39 Actividades de descontaminación y otros servicios de gestión de residuos;Salario bruto;2022;-24.825,75
Hombres;39 Actividades de descontaminación y otros servicios de gestión de residuos;Pagos extraordinarios;2022;-2.937,99
Hombres;39 Actividades de descontaminación y otros servicios de gestión de residuos;Valoración en especie;2022;-161,81
Hombres;39 Actividades de descontaminación y otros servicios de gestión de residuos;Salario ordinario;2022;-21.725,95
Hombres;41 Construcción de edificios;Salario bruto;2022;25.132,03
Hombres;41 Construcción de edificios;Pagos extraordinarios;2022;2.735,74
Hombres;41 Construcción de edificios;Valoración en especie;2022;52,8
Hombres;41 Construcción de edificios;Salario ordinario;2022;22.343,49
Hombres;42 Ingeniería civil;Salario bruto;2022;30.632,85
Hombres;42 Ingeniería civil;Pagos extraordinarios;2022;3.367,95
Hombres;42 Ingeniería civil;Valoración en especie;2022;107,54
Hombres;42 Ingeniería civil;Salario ordinario;2022;27.157,36
Hombres;43 Actividades de construcción especializada;Salario bruto;2022;24.353,12
Hombres;43 Actividades de construcción especializada;Pagos extraordinarios;2022;2.133,89
Hombres;43 Actividades de construcción especializada;Valoración en especie;2022;78,83
Hombres;43 Actividades de construcción especializada;Salario ordinario;2022;22.140,4
Hombres;45 Venta y reparación de vehículos de motor y motocicletas;Salario bruto;2022;25.208,62
Hombres;45 Venta y reparación de vehículos de motor y motocicletas;Pagos extraordinarios;2022;2.822,43
Hombres;45 Venta y reparación de vehículos de motor y motocicletas;Valoración en especie;2022;111,22
Hombres;45 Venta y reparación de vehículos de motor y motocicletas;Salario ordinario;2022;22.274,97
Hombres;46 Comercio al por mayor e intermediarios del comercio, excepto de vehículos de motor y motocicletas;Salario bruto;2022;30.052,57
Hombres;46 Comercio al por mayor e intermediarios del comercio, excepto de vehículos de motor y motocicletas;Pagos extraordinarios;2022;3.395,44
Hombres;46 Comercio al por mayor e intermediarios del comercio, excepto de vehículos de motor y motocicletas;Valoración en especie;2022;415,75
Hombres;46 Comercio al por mayor e intermediarios del comercio, excepto de vehículos de motor y motocicletas;Salario ordinario;2022;26.241,38
Hombres;47 Comercio al por menor, excepto de vehículos de motor y motocicletas;Salario bruto;2022;22.900,21
Hombres;47 Comercio al por menor, excepto de vehículos de motor y motocicletas;Pagos extraordinarios;2022;2.175,95
Hombres;47 Comercio al por menor, excepto de vehículos de motor y motocicletas;Valoración en especie;2022;161,25
Hombres;47 Comercio al por menor, excepto de vehículos de motor y motocicletas;Salario ordinario;2022;20.563,01
Hombres;49 Transporte terrestre y por tubería;Salario bruto;2022;25.637,51
Hombres;49 Transporte terrestre y por tubería;Pagos extraordinarios;2022;2.438,51
Hombres;49 Transporte terrestre y por tubería;Valoración en especie;2022;190,01
Hombres;49 Transporte terrestre y por tubería;Salario ordinario;2022;23.008,99
Hombres;50 Transporte marítimo y por vías navegables interiores;Salario bruto;2022;33.603,05
Hombres;50 Transporte marítimo y por vías navegables interiores;Pagos extraordinarios;2022;3.512,15
Hombres;50 Transporte marítimo y por vías navegables interiores;Valoración en especie;2022;197,51
Hombres;50 Transporte marítimo y por vías navegables interiores;Salario ordinario;2022;29.893,39
Hombres;51 Transporte aéreo;Salario bruto;2022;42.892,59
Hombres;51 Transporte aéreo;Pagos extraordinarios;2022;2.791,5
Hombres;51 Transporte aéreo;Valoración en especie;2022;609,89
Hombres;51 Transporte aéreo;Salario ordinario;2022;39.491,2
Hombres;52 Almacenamiento y actividades anexas al transporte;Salario bruto;2022;32.301,58
Hombres;52 Almacenamiento y actividades anexas al transporte;Pagos extraordinarios;2022;3.558,65
Hombres;52 Almacenamiento y actividades anexas al transporte;Valoración en especie;2022;236,25
Hombres;52 Almacenamiento y actividades anexas al transporte;Salario ordinario;2022;28.506,68
Hombres;53 Actividades postales y de correos;Salario bruto;2022;21.002,62
Hombres;53 Actividades postales y de correos;Pagos extraordinarios;2022;1.878,84
Hombres;53 Actividades postales y de correos;Valoración en especie;2022;31,87
Hombres;53 Actividades postales y de correos;Salario ordinario;2022;19.091,91
Hombres;55 Servicios de alojamiento;Salario bruto;2022;25.474
Hombres;55 Servicios de alojamiento;Pagos extraordinarios;2022;2.103,79
Hombres;55 Servicios de alojamiento;Valoración en especie;2022;136,23
Hombres;55 Servicios de alojamiento;Salario ordinario;2022;23.233,98
Hombres;56 Servicios de comidas y bebidas;Salario bruto;2022;15.595,88
Hombres;56 Servicios de comidas y bebidas;Pagos extraordinarios;2022;713,85
Hombres;56 Servicios de comidas y bebidas;Valoración en especie;2022;116,11
Hombres;56 Servicios de comidas y bebidas;Salario ordinario;2022;14.765,92
Hombres;58 Edición;Salario bruto;2022;37.241,44
Hombres;58 Edición;Pagos extraordinarios;2022;4.075,15
Hombres;58 Edición;Valoración en especie;2022;502,88
Hombres;58 Edición;Salario ordinario;2022;32.663,41
Hombres;59 Actividades cinematográficas, de vídeo y de programas de televisión, grabación de sonido y edición musical;Salario bruto;2022;34.488,76
Hombres;59 Actividades cinematográficas, de vídeo y de programas de televisión, grabación de sonido y edición musical;Pagos extraordinarios;2022;2.671,72
Hombres;59 Actividades cinematográficas, de vídeo y de programas de televisión, grabación de sonido y edición musical;Valoración en especie;2022;176,31
Hombres;59 Actividades cinematográficas, de vídeo y de programas de televisión, grabación de sonido y edición musical;Salario ordinario;2022;31.640,73
Hombres;60 Actividades de programación y emisión de radio y televisión;Salario bruto;2022;47.243,47
Hombres;60 Actividades de programación y emisión de radio y televisión;Pagos extraordinarios;2022;6.048,7
Hombres;60 Actividades de programación y emisión de radio y televisión;Valoración en especie;2022;321,87
Hombres;60 Actividades de programación y emisión de radio y televisión;Salario ordinario;2022;40.872,9
Hombres;61 Telecomunicaciones;Salario bruto;2022;44.083,43
Hombres;61 Telecomunicaciones;Pagos extraordinarios;2022;7.319,39
Hombres;61 Telecomunicaciones;Valoración en especie;2022;831,29
Hombres;61 Telecomunicaciones;Salario ordinario;2022;35.932,75
Hombres;62 Programación, consultoría y otras actividades relacionadas con la informática;Salario bruto;2022;38.580,89
Hombres;62 Programación, consultoría y otras actividades relacionadas con la informática;Pagos extraordinarios;2022;3.076,19
Hombres;62 Programación, consultoría y otras actividades relacionadas con la informática;Valoración en especie;2022;474,71
Hombres;62 Programación, consultoría y otras actividades relacionadas con la informática;Salario ordinario;2022;35.029,99
Hombres;63 Servicios de información;Salario bruto;2022;34.671,52
Hombres;63 Servicios de información;Pagos extraordinarios;2022;3.719,21
Hombres;63 Servicios de información;Valoración en especie;2022;338,24
Hombres;63 Servicios de información;Salario ordinario;2022;30.614,07
Hombres;64 Servicios financieros, excepto seguros y fondos de pensiones;Salario bruto;2022;59.404,84
Hombres;64 Servicios financieros, excepto seguros y fondos de pensiones;Pagos extraordinarios;2022;11.869,69
Hombres;64 Servicios financieros, excepto seguros y fondos de pensiones;Valoración en especie;2022;1.043,59
Hombres;64 Servicios financieros, excepto seguros y fondos de pensiones;Salario ordinario;2022;46.491,56
Hombres;65 Seguros, reaseguros y fondos de pensiones, excepto Seguridad Social obligatoria;Salario bruto;2022;50.994,45
Hombres;65 Seguros, reaseguros y fondos de pensiones, excepto Seguridad Social obligatoria;Pagos extraordinarios;2022;6.835,86
Hombres;65 Seguros, reaseguros y fondos de pensiones, excepto Seguridad Social obligatoria;Valoración en especie;2022;1.407,91
Hombres;65 Seguros, reaseguros y fondos de pensiones, excepto Seguridad Social obligatoria;Salario ordinario;2022;42.750,68
Hombres;66 Actividades auxiliares a los servicios financieros y a los seguros;Salario bruto;2022;36.075,54
Hombres;66 Actividades auxiliares a los servicios financieros y a los seguros;Pagos extraordinarios;2022;5.341,54
Hombres;66 Actividades auxiliares a los servicios financieros y a los seguros;Valoración en especie;2022;608,29
Hombres;66 Actividades auxiliares a los servicios financieros y a los seguros;Salario ordinario;2022;30.125,71
Hombres;68 Actividades inmobiliarias;Salario bruto;2022;30.649,13
Hombres;68 Actividades inmobiliarias;Pagos extraordinarios;2022;2.667,92
Hombres;68 Actividades inmobiliarias;Valoración en especie;2022;174,3
Hombres;68 Actividades inmobiliarias;Salario ordinario;2022;27.806,91
Hombres;69 Actividades jurídicas y de contabilidad;Salario bruto;2022;38.113,24
Hombres;69 Actividades jurídicas y de contabilidad;Pagos extraordinarios;2022;4.624,93
Hombres;69 Actividades jurídicas y de contabilidad;Valoración en especie;2022;204,41
Hombres;69 Actividades jurídicas y de contabilidad;Salario ordinario;2022;33.283,9
Hombres;70 Actividades de las sedes centrales, actividades de consultoría de gestión empresarial;Salario bruto;2022;37.892,48
Hombres;70 Actividades de las sedes centrales, actividades de consultoría de gestión empresarial;Pagos extraordinarios;2022;3.716,87
Hombres;70 Actividades de las sedes centrales, actividades de consultoría de gestión empresarial;Valoración en especie;2022;501,51
Hombres;70 Actividades de las sedes centrales, actividades de consultoría de gestión empresarial;Salario ordinario;2022;33.674,1
Hombres;71 Servicios técnicos de arquitectura e ingeniería, ensayos y análisis técnicos;Salario bruto;2022;35.515,46
Hombres;71 Servicios técnicos de arquitectura e ingeniería, ensayos y análisis técnicos;Pagos extraordinarios;2022;3.149,9
Hombres;71 Servicios técnicos de arquitectura e ingeniería, ensayos y análisis técnicos;Valoración en especie;2022;271,21
Hombres;71 Servicios técnicos de arquitectura e ingeniería, ensayos y análisis técnicos;Salario ordinario;2022;32.094,35
Hombres;72 Investigación y desarrollo;Salario bruto;2022;38.622,63
Hombres;72 Investigación y desarrollo;Pagos extraordinarios;2022;3.835,08
Hombres;72 Investigación y desarrollo;Valoración en especie;2022;241,11
Hombres;72 Investigación y desarrollo;Salario ordinario;2022;34.546,44
Hombres;73 Publicidad y estudios de mercado;Salario bruto;2022;36.882,71
Hombres;73 Publicidad y estudios de mercado;Pagos extraordinarios;2022;3.652,99
Hombres;73 Publicidad y estudios de mercado;Valoración en especie;2022;751,62
Hombres;73 Publicidad y estudios de mercado;Salario ordinario;2022;32.478,1
Hombres;74 Otras actividades profesionales, científicas y técnicas;Salario bruto;2022;31.739,32
Hombres;74 Otras actividades profesionales, científicas y técnicas;Pagos extraordinarios;2022;3.042,51
Hombres;74 Otras actividades profesionales, científicas y técnicas;Valoración en especie;2022;286,3
Hombres;74 Otras actividades profesionales, científicas y técnicas;Salario ordinario;2022;28.410,51
Hombres;75 Actividades veterinarias;Salario bruto;2022;-23.821,45
Hombres;75 Actividades veterinarias;Pagos extraordinarios;2022;-891,08
Hombres;75 Actividades veterinarias;Valoración en especie;2022;-61,22
Hombres;75 Actividades veterinarias;Salario ordinario;2022;-22.869,15
Hombres;77 Actividades de alquiler;Salario bruto;2022;27.305,35
Hombres;77 Actividades de alquiler;Pagos extraordinarios;2022;3.291,49
Hombres;77 Actividades de alquiler;Valoración en especie;2022;241,13
Hombres;77 Actividades de alquiler;Salario ordinario;2022;23.772,73
Hombres;78 Actividades relacionadas con el empleo;Salario bruto;2022;21.130,89
Hombres;78 Actividades relacionadas con el empleo;Pagos extraordinarios;2022;699,29
Hombres;78 Actividades relacionadas con el empleo;Valoración en especie;2022;60,55
Hombres;78 Actividades relacionadas con el empleo;Salario ordinario;2022;20.371,05
Hombres;79 Actividades de agencias de viajes, operadores turísticos, servicios de reservas y actividades relacionadas con los mismos;Salario bruto;2022;32.593,7
Hombres;79 Actividades de agencias de viajes, operadores turísticos, servicios de reservas y actividades relacionadas con los mismos;Pagos extraordinarios;2022;3.118,55
Hombres;79 Actividades de agencias de viajes, operadores turísticos, servicios de reservas y actividades relacionadas con los mismos;Valoración en especie;2022;212,65
Hombres;79 Actividades de agencias de viajes, operadores turísticos, servicios de reservas y actividades relacionadas con los mismos;Salario ordinario;2022;29.262,5
Hombres;80 Actividades de seguridad e investigación;Salario bruto;2022;22.560,35
Hombres;80 Actividades de seguridad e investigación;Pagos extraordinarios;2022;1.721,98
Hombres;80 Actividades de seguridad e investigación;Valoración en especie;2022;46,76
Hombres;80 Actividades de seguridad e investigación;Salario ordinario;2022;20.791,61
Hombres;81 Servicios a edificios y actividades de jardinería;Salario bruto;2022;19.438,02
Hombres;81 Servicios a edificios y actividades de jardinería;Pagos extraordinarios;2022;1.956,55
Hombres;81 Servicios a edificios y actividades de jardinería;Valoración en especie;2022;66,73
Hombres;81 Servicios a edificios y actividades de jardinería;Salario ordinario;2022;17.414,74
Hombres;82 Actividades administrativas de oficina y otras actividades auxiliares a las empresas;Salario bruto;2022;24.133,73
Hombres;82 Actividades administrativas de oficina y otras actividades auxiliares a las empresas;Pagos extraordinarios;2022;1.838,88
Hombres;82 Actividades administrativas de oficina y otras actividades auxiliares a las empresas;Valoración en especie;2022;211,93
Hombres;82 Actividades administrativas de oficina y otras actividades auxiliares a las empresas;Salario ordinario;2022;22.082,92
Hombres;84 Administración Pública y defensa, Seguridad Social obligatoria;Salario bruto;2022;35.813,05
Hombres;84 Administración Pública y defensa, Seguridad Social obligatoria;Pagos extraordinarios;2022;3.788,95
Hombres;84 Administración Pública y defensa, Seguridad Social obligatoria;Valoración en especie;2022;40,57
Hombres;84 Administración Pública y defensa, Seguridad Social obligatoria;Salario ordinario;2022;31.983,53
Hombres;85 Educación;Salario bruto;2022;31.290,07
Hombres;85 Educación;Pagos extraordinarios;2022;2.417,35
Hombres;85 Educación;Valoración en especie;2022;76,92
Hombres;85 Educación;Salario ordinario;2022;28.795,8
Hombres;86 Actividades sanitarias;Salario bruto;2022;43.255,43
Hombres;86 Actividades sanitarias;Pagos extraordinarios;2022;3.486,26
Hombres;86 Actividades sanitarias;Valoración en especie;2022;20,11
Hombres;86 Actividades sanitarias;Salario ordinario;2022;39.749,06
Hombres;87 Asistencia en establecimientos residenciales;Salario bruto;2022;20.695,3
Hombres;87 Asistencia en establecimientos residenciales;Pagos extraordinarios;2022;1.745,66
Hombres;87 Asistencia en establecimientos residenciales;Valoración en especie;2022;60,99
Hombres;87 Asistencia en establecimientos residenciales;Salario ordinario;2022;18.888,65
Hombres;88 Actividades de servicios sociales sin alojamiento;Salario bruto;2022;20.898,13
Hombres;88 Actividades de servicios sociales sin alojamiento;Pagos extraordinarios;2022;1.746,76
Hombres;88 Actividades de servicios sociales sin alojamiento;Valoración en especie;2022;20,85
Hombres;88 Actividades de servicios sociales sin alojamiento;Salario ordinario;2022;19.130,52
Hombres;90 Actividades de creación, artísticas y espectáculos;Salario bruto;2022;25.846,28
Hombres;90 Actividades de creación, artísticas y espectáculos;Pagos extraordinarios;2022;2.155,06
Hombres;90 Actividades de creación, artísticas y espectáculos;Valoración en especie;2022;50,16
Hombres;90 Actividades de creación, artísticas y espectáculos;Salario ordinario;2022;23.641,06
Hombres;91 Actividades de bibliotecas, archivos, museos y otras actividades culturales;Salario bruto;2022;26.062,51
Hombres;91 Actividades de bibliotecas, archivos, museos y otras actividades culturales;Pagos extraordinarios;2022;2.169,96
Hombres;91 Actividades de bibliotecas, archivos, museos y otras actividades culturales;Valoración en especie;2022;77,4
Hombres;91 Actividades de bibliotecas, archivos, museos y otras actividades culturales;Salario ordinario;2022;23.815,15
Hombres;92 Actividades de juegos de azar y apuestas;Salario bruto;2022;28.779,54
Hombres;92 Actividades de juegos de azar y apuestas;Pagos extraordinarios;2022;3.317,57
Hombres;92 Actividades de juegos de azar y apuestas;Valoración en especie;2022;68,03
Hombres;92 Actividades de juegos de azar y apuestas;Salario ordinario;2022;25.393,94
Hombres;93 Actividades deportivas, recreativas y de entretenimiento;Salario bruto;2022;17.986,86
Hombres;93 Actividades deportivas, recreativas y de entretenimiento;Pagos extraordinarios;2022;1.092,11
Hombres;93 Actividades deportivas, recreativas y de entretenimiento;Valoración en especie;2022;52,55
Hombres;93 Actividades deportivas, recreativas y de entretenimiento;Salario ordinario;2022;16.842,2
Hombres;94 Actividades asociativas;Salario bruto;2022;25.788,86
Hombres;94 Actividades asociativas;Pagos extraordinarios;2022;2.339,86
Hombres;94 Actividades asociativas;Valoración en especie;2022;75,93
Hombres;94 Actividades asociativas;Salario ordinario;2022;23.373,07
Hombres;95 Reparación de ordenadores, efectos personales y artículos de uso doméstico;Salario bruto;2022;25.889,26
Hombres;95 Reparación de ordenadores, efectos personales y artículos de uso doméstico;Pagos extraordinarios;2022;2.473,13
Hombres;95 Reparación de ordenadores, efectos personales y artículos de uso doméstico;Valoración en especie;2022;235,69
Hombres;95 Reparación de ordenadores, efectos personales y artículos de uso doméstico;Salario ordinario;2022;23.180,44
Hombres;96 Otros servicios personales;Salario bruto;2022;17.374,8
Hombres;96 Otros servicios personales;Pagos extraordinarios;2022;1.259,81
Hombres;96 Otros servicios personales;Valoración en especie;2022;14,61
Hombres;96 Otros servicios personales;Salario ordinario;2022;16.100,38
